row_type,session_id,run_id,agent_type,analyze_target,episode,winner,result_for_analyzed,duration_sec,agent_a_final_hp,agent_b_final_hp,attack_count,block_count,dodge_count,move_toward_count,move_back_count,move_side_count,total_action_count,attack_ratio_percent,block_ratio_percent,dodge_ratio_percent,move_toward_ratio_percent,move_back_ratio_percent,move_side_ratio_percent
"EPISODE","20260609_203401","defender_v2","RL","AgentB",1,"A","loss",19.067,60.000,0.000,6,7,4,10,7,1,35,17.143,20.000,11.429,28.571,20.000,2.857
"EPISODE","20260609_203401","defender_v2","RL","AgentB",2,"B","win",16.667,0.000,100.000,6,6,2,3,2,1,20,30.000,30.000,10.000,15.000,10.000,5.000
"EPISODE","20260609_203401","defender_v2","RL","AgentB",3,"TimeoutDraw","timeout",60.000,40.000,80.000,20,18,10,11,16,2,77,25.974,23.377,12.987,14.286,20.779,2.597
"EPISODE","20260609_203401","defender_v2","RL","AgentB",4,"B","win",16.400,0.000,60.000,6,4,3,4,5,1,23,26.087,17.391,13.043,17.391,21.739,4.348
"EPISODE","20260609_203401","defender_v2","RL","AgentB",5,"A","loss",20.533,80.000,0.000,7,7,4,7,10,2,37,18.919,18.919,10.811,18.919,27.027,5.405
"EPISODE","20260609_203401","defender_v2","RL","AgentB",6,"TimeoutDraw","timeout",60.000,100.000,100.000,21,21,9,14,11,4,80,26.250,26.250,11.250,17.500,13.750,5.000
"EPISODE","20260609_203401","defender_v2","RL","AgentB",7,"A","loss",16.667,60.000,0.000,5,5,3,6,5,3,27,18.519,18.519,11.111,22.222,18.519,11.111
"EPISODE","20260609_203401","defender_v2","RL","AgentB",8,"A","loss",25.600,20.000,0.000,9,8,4,7,4,0,32,28.125,25.000,12.500,21.875,12.500,0.000
"EPISODE","20260609_203401","defender_v2","RL","AgentB",9,"B","win",16.000,0.000,100.000,6,6,2,2,2,0,18,33.333,33.333,11.111,11.111,11.111,0.000
"EPISODE","20260609_203401","defender_v2","RL","AgentB",10,"A","loss",20.533,80.000,0.000,7,7,2,13,9,2,40,17.500,17.500,5.000,32.500,22.500,5.000
"EPISODE","20260609_203401","defender_v2","RL","AgentB",11,"A","loss",20.533,60.000,0.000,7,7,3,11,6,3,37,18.919,18.919,8.108,29.730,16.216,8.108
"EPISODE","20260609_203401","defender_v2","RL","AgentB",12,"B","win",15.600,0.000,100.000,6,5,2,3,3,0,19,31.579,26.316,10.526,15.789,15.789,0.000
"EPISODE","20260609_203401","defender_v2","RL","AgentB",13,"A","loss",24.267,20.000,0.000,8,8,3,10,9,4,42,19.048,19.048,7.143,23.810,21.429,9.524
"EPISODE","20260609_203401","defender_v2","RL","AgentB",14,"A","loss",18.667,100.000,0.000,2,1,0,1,1,1,6,33.333,16.667,0.000,16.667,16.667,16.667
"EPISODE","20260609_203401","defender_v2","RL","AgentB",15,"B","win",17.467,0.000,100.000,6,6,3,1,2,0,18,33.333,33.333,16.667,5.556,11.111,0.000
"EPISODE","20260609_203401","defender_v2","RL","AgentB",16,"A","loss",14.267,100.000,0.000,5,4,3,7,7,3,29,17.241,13.793,10.345,24.138,24.138,10.345
"EPISODE","20260609_203401","defender_v2","RL","AgentB",17,"B","win",28.000,0.000,20.000,10,9,5,14,11,2,51,19.608,17.647,9.804,27.451,21.569,3.922
"EPISODE","20260609_203401","defender_v2","RL","AgentB",18,"A","loss",25.733,20.000,0.000,10,10,4,6,7,1,38,26.316,26.316,10.526,15.789,18.421,2.632
"EPISODE","20260609_203401","defender_v2","RL","AgentB",19,"B","win",16.133,0.000,100.000,6,6,2,3,0,0,17,35.294,35.294,11.765,17.647,0.000,0.000
"EPISODE","20260609_203401","defender_v2","RL","AgentB",20,"B","win",18.533,0.000,80.000,7,6,3,5,4,4,29,24.138,20.690,10.345,17.241,13.793,13.793
"EPISODE","20260609_203401","defender_v2","RL","AgentB",21,"B","win",26.533,0.000,80.000,10,8,5,8,11,1,43,23.256,18.605,11.628,18.605,25.581,2.326
"EPISODE","20260609_203401","defender_v2","RL","AgentB",22,"A","loss",16.533,80.000,0.000,7,5,3,8,8,4,35,20.000,14.286,8.571,22.857,22.857,11.429
"EPISODE","20260609_203401","defender_v2","RL","AgentB",23,"A","loss",16.800,80.000,0.000,5,3,3,6,4,1,22,22.727,13.636,13.636,27.273,18.182,4.545
"EPISODE","20260609_203401","defender_v2","RL","AgentB",24,"B","win",24.133,0.000,40.000,9,7,4,10,8,2,40,22.500,17.500,10.000,25.000,20.000,5.000
"EPISODE","20260609_203401","defender_v2","RL","AgentB",25,"A","loss",14.133,100.000,0.000,6,5,3,12,7,5,38,15.789,13.158,7.895,31.579,18.421,13.158
"EPISODE","20260609_203401","defender_v2","RL","AgentB",26,"B","win",23.467,0.000,20.000,9,7,4,5,6,3,34,26.471,20.588,11.765,14.706,17.647,8.824
"EPISODE","20260609_203401","defender_v2","RL","AgentB",27,"A","loss",26.267,20.000,0.000,9,9,5,12,11,4,50,18.000,18.000,10.000,24.000,22.000,8.000
"EPISODE","20260609_203401","defender_v2","RL","AgentB",28,"A","loss",15.467,100.000,0.000,4,3,1,4,2,1,15,26.667,20.000,6.667,26.667,13.333,6.667
"EPISODE","20260609_203401","defender_v2","RL","AgentB",29,"A","loss",14.267,100.000,0.000,6,5,3,7,4,0,25,24.000,20.000,12.000,28.000,16.000,0.000
"EPISODE","20260609_203401","defender_v2","RL","AgentB",30,"A","loss",23.067,60.000,0.000,9,8,4,14,10,2,47,19.149,17.021,8.511,29.787,21.277,4.255
"EPISODE","20260609_203401","defender_v2","RL","AgentB",31,"B","win",23.067,0.000,40.000,8,8,4,5,9,2,36,22.222,22.222,11.111,13.889,25.000,5.556
"EPISODE","20260609_203401","defender_v2","RL","AgentB",32,"A","loss",25.200,20.000,0.000,10,9,4,6,9,3,41,24.390,21.951,9.756,14.634,21.951,7.317
"EPISODE","20260609_203401","defender_v2","RL","AgentB",33,"TimeoutDraw","timeout",60.000,100.000,100.000,21,20,10,10,20,4,85,24.706,23.529,11.765,11.765,23.529,4.706
"EPISODE","20260609_203401","defender_v2","RL","AgentB",34,"A","loss",25.600,40.000,0.000,10,9,4,12,10,1,46,21.739,19.565,8.696,26.087,21.739,2.174
"EPISODE","20260609_203401","defender_v2","RL","AgentB",35,"TimeoutDraw","timeout",60.000,100.000,100.000,22,21,8,6,8,1,66,33.333,31.818,12.121,9.091,12.121,1.515
"EPISODE","20260609_203401","defender_v2","RL","AgentB",36,"B","win",21.333,0.000,40.000,8,6,4,9,8,1,36,22.222,16.667,11.111,25.000,22.222,2.778
"EPISODE","20260609_203401","defender_v2","RL","AgentB",37,"B","win",16.533,0.000,100.000,6,6,2,2,1,1,18,33.333,33.333,11.111,11.111,5.556,5.556
"EPISODE","20260609_203401","defender_v2","RL","AgentB",38,"B","win",20.000,0.000,80.000,7,7,3,4,3,1,25,28.000,28.000,12.000,16.000,12.000,4.000
"EPISODE","20260609_203401","defender_v2","RL","AgentB",39,"B","win",22.400,0.000,40.000,8,8,2,5,5,1,29,27.586,27.586,6.897,17.241,17.241,3.448
"EPISODE","20260609_203401","defender_v2","RL","AgentB",40,"B","win",16.000,0.000,100.000,6,6,2,2,0,0,16,37.500,37.500,12.500,12.500,0.000,0.000
"EPISODE","20260609_203401","defender_v2","RL","AgentB",41,"TimeoutDraw","timeout",60.000,80.000,80.000,22,20,9,7,12,0,70,31.429,28.571,12.857,10.000,17.143,0.000
"EPISODE","20260609_203401","defender_v2","RL","AgentB",42,"B","win",28.667,0.000,20.000,11,10,5,8,6,4,44,25.000,22.727,11.364,18.182,13.636,9.091
"EPISODE","20260609_203401","defender_v2","RL","AgentB",43,"A","loss",20.533,60.000,0.000,7,7,3,8,2,3,30,23.333,23.333,10.000,26.667,6.667,10.000
"EPISODE","20260609_203401","defender_v2","RL","AgentB",44,"A","loss",26.800,40.000,0.000,9,9,4,5,6,1,34,26.471,26.471,11.765,14.706,17.647,2.941
"EPISODE","20260609_203401","defender_v2","RL","AgentB",45,"TimeoutDraw","timeout",60.000,100.000,100.000,21,21,10,4,13,0,69,30.435,30.435,14.493,5.797,18.841,0.000
"EPISODE","20260609_203401","defender_v2","RL","AgentB",46,"A","loss",28.133,40.000,0.000,9,8,4,5,8,1,35,25.714,22.857,11.429,14.286,22.857,2.857
"EPISODE","20260609_203401","defender_v2","RL","AgentB",47,"B","win",22.267,0.000,20.000,9,8,3,7,8,1,36,25.000,22.222,8.333,19.444,22.222,2.778
"EPISODE","20260609_203401","defender_v2","RL","AgentB",48,"TimeoutDraw","timeout",60.000,100.000,100.000,21,20,11,5,13,2,72,29.167,27.778,15.278,6.944,18.056,2.778
"EPISODE","20260609_203401","defender_v2","RL","AgentB",49,"B","win",15.733,0.000,100.000,6,6,2,2,0,0,16,37.500,37.500,12.500,12.500,0.000,0.000
"EPISODE","20260609_203401","defender_v2","RL","AgentB",50,"A","loss",21.333,60.000,0.000,7,8,4,12,12,3,46,15.217,17.391,8.696,26.087,26.087,6.522
"EPISODE","20260609_203401","defender_v2","RL","AgentB",51,"A","loss",23.467,20.000,0.000,9,7,4,8,4,0,32,28.125,21.875,12.500,25.000,12.500,0.000
"EPISODE","20260609_203401","defender_v2","RL","AgentB",52,"A","loss",28.133,40.000,0.000,11,10,5,7,6,1,40,27.500,25.000,12.500,17.500,15.000,2.500
"EPISODE","20260609_203401","defender_v2","RL","AgentB",53,"B","win",30.533,0.000,20.000,9,8,4,6,6,1,34,26.471,23.529,11.765,17.647,17.647,2.941
"EPISODE","20260609_203401","defender_v2","RL","AgentB",54,"B","win",20.267,0.000,60.000,8,6,2,2,3,0,21,38.095,28.571,9.524,9.524,14.286,0.000
"EPISODE","20260609_203401","defender_v2","RL","AgentB",55,"TimeoutDraw","timeout",60.000,100.000,100.000,20,21,9,9,12,7,78,25.641,26.923,11.538,11.538,15.385,8.974
"EPISODE","20260609_203401","defender_v2","RL","AgentB",56,"B","win",27.067,0.000,20.000,10,10,4,13,13,4,54,18.519,18.519,7.407,24.074,24.074,7.407
"EPISODE","20260609_203401","defender_v2","RL","AgentB",57,"B","win",23.867,0.000,40.000,9,8,4,10,11,1,43,20.930,18.605,9.302,23.256,25.581,2.326
"EPISODE","20260609_203401","defender_v2","RL","AgentB",58,"A","loss",20.533,60.000,0.000,8,8,3,5,9,3,36,22.222,22.222,8.333,13.889,25.000,8.333
"EPISODE","20260609_203401","defender_v2","RL","AgentB",59,"A","loss",16.667,80.000,0.000,6,6,3,8,7,5,35,17.143,17.143,8.571,22.857,20.000,14.286
"EPISODE","20260609_203401","defender_v2","RL","AgentB",60,"B","win",18.000,0.000,100.000,7,6,2,4,2,1,22,31.818,27.273,9.091,18.182,9.091,4.545
"EPISODE","20260609_203401","defender_v2","RL","AgentB",61,"B","win",19.600,0.000,60.000,7,6,3,2,2,0,20,35.000,30.000,15.000,10.000,10.000,0.000
"EPISODE","20260609_203401","defender_v2","RL","AgentB",62,"A","loss",16.667,80.000,0.000,7,6,3,6,7,2,31,22.581,19.355,9.677,19.355,22.581,6.452
"EPISODE","20260609_203401","defender_v2","RL","AgentB",63,"A","loss",16.800,80.000,0.000,6,6,3,9,9,5,38,15.789,15.789,7.895,23.684,23.684,13.158
"EPISODE","20260609_203401","defender_v2","RL","AgentB",64,"A","loss",16.800,80.000,0.000,6,5,3,9,3,3,29,20.690,17.241,10.345,31.034,10.345,10.345
"EPISODE","20260609_203401","defender_v2","RL","AgentB",65,"B","win",22.800,0.000,60.000,8,9,3,3,2,1,26,30.769,34.615,11.538,11.538,7.692,3.846
"EPISODE","20260609_203401","defender_v2","RL","AgentB",66,"B","win",17.333,0.000,100.000,7,6,2,2,0,1,18,38.889,33.333,11.111,11.111,0.000,5.556
"EPISODE","20260609_203401","defender_v2","RL","AgentB",67,"A","loss",14.133,100.000,0.000,5,5,3,6,5,2,26,19.231,19.231,11.538,23.077,19.231,7.692
"EPISODE","20260609_203401","defender_v2","RL","AgentB",68,"A","loss",19.200,60.000,0.000,8,7,4,10,9,2,40,20.000,17.500,10.000,25.000,22.500,5.000
"EPISODE","20260609_203401","defender_v2","RL","AgentB",69,"B","win",16.267,0.000,80.000,6,6,2,6,4,0,24,25.000,25.000,8.333,25.000,16.667,0.000
"EPISODE","20260609_203401","defender_v2","RL","AgentB",70,"TimeoutDraw","timeout",60.000,100.000,100.000,21,20,7,0,5,1,54,38.889,37.037,12.963,0.000,9.259,1.852
"EPISODE","20260609_203401","defender_v2","RL","AgentB",71,"B","win",17.867,0.000,100.000,6,7,2,3,3,0,21,28.571,33.333,9.524,14.286,14.286,0.000
"EPISODE","20260609_203401","defender_v2","RL","AgentB",72,"B","win",15.600,0.000,100.000,6,6,2,1,1,0,16,37.500,37.500,12.500,6.250,6.250,0.000
"EPISODE","20260609_203401","defender_v2","RL","AgentB",73,"B","win",25.333,0.000,20.000,9,9,4,8,10,1,41,21.951,21.951,9.756,19.512,24.390,2.439
"EPISODE","20260609_203401","defender_v2","RL","AgentB",74,"A","loss",12.933,100.000,0.000,5,5,2,5,9,4,30,16.667,16.667,6.667,16.667,30.000,13.333
"EPISODE","20260609_203401","defender_v2","RL","AgentB",75,"A","loss",20.533,80.000,0.000,8,7,3,10,12,2,42,19.048,16.667,7.143,23.810,28.571,4.762
"EPISODE","20260609_203401","defender_v2","RL","AgentB",76,"A","loss",12.933,100.000,0.000,4,3,1,4,4,0,16,25.000,18.750,6.250,25.000,25.000,0.000
"EPISODE","20260609_203401","defender_v2","RL","AgentB",77,"A","loss",16.667,100.000,0.000,6,5,3,7,5,2,28,21.429,17.857,10.714,25.000,17.857,7.143
"EPISODE","20260609_203401","defender_v2","RL","AgentB",78,"A","loss",23.067,40.000,0.000,8,9,4,6,10,3,40,20.000,22.500,10.000,15.000,25.000,7.500
"EPISODE","20260609_203401","defender_v2","RL","AgentB",79,"B","win",17.600,0.000,80.000,7,6,2,3,1,0,19,36.842,31.579,10.526,15.789,5.263,0.000
"EPISODE","20260609_203401","defender_v2","RL","AgentB",80,"TimeoutDraw","timeout",60.000,100.000,100.000,21,21,8,9,11,2,72,29.167,29.167,11.111,12.500,15.278,2.778
"EPISODE","20260609_203401","defender_v2","RL","AgentB",81,"B","win",19.600,0.000,60.000,8,6,3,3,3,0,23,34.783,26.087,13.043,13.043,13.043,0.000
"EPISODE","20260609_203401","defender_v2","RL","AgentB",82,"B","win",17.333,0.000,60.000,7,6,2,6,4,0,25,28.000,24.000,8.000,24.000,16.000,0.000
"EPISODE","20260609_203401","defender_v2","RL","AgentB",83,"A","loss",20.667,60.000,0.000,8,8,4,11,8,5,44,18.182,18.182,9.091,25.000,18.182,11.364
"EPISODE","20260609_203401","defender_v2","RL","AgentB",84,"B","win",20.800,0.000,60.000,8,6,3,5,4,0,26,30.769,23.077,11.538,19.231,15.385,0.000
"EPISODE","20260609_203401","defender_v2","RL","AgentB",85,"A","loss",14.000,100.000,0.000,6,5,2,6,4,4,27,22.222,18.519,7.407,22.222,14.815,14.815
"EPISODE","20260609_203401","defender_v2","RL","AgentB",86,"TimeoutDraw","timeout",60.000,100.000,100.000,22,21,7,8,8,2,68,32.353,30.882,10.294,11.765,11.765,2.941
"EPISODE","20260609_203401","defender_v2","RL","AgentB",87,"A","loss",12.933,100.000,0.000,4,3,1,4,4,1,17,23.529,17.647,5.882,23.529,23.529,5.882
"EPISODE","20260609_203401","defender_v2","RL","AgentB",88,"A","loss",12.933,100.000,0.000,6,5,2,6,7,1,27,22.222,18.519,7.407,22.222,25.926,3.704
"EPISODE","20260609_203401","defender_v2","RL","AgentB",89,"A","loss",23.067,40.000,0.000,8,8,3,9,12,1,41,19.512,19.512,7.317,21.951,29.268,2.439
"EPISODE","20260609_203401","defender_v2","RL","AgentB",90,"A","loss",19.067,60.000,0.000,7,7,4,8,11,0,37,18.919,18.919,10.811,21.622,29.730,0.000
"EPISODE","20260609_203401","defender_v2","RL","AgentB",91,"A","loss",12.933,100.000,0.000,5,5,2,7,4,5,28,17.857,17.857,7.143,25.000,14.286,17.857
"EPISODE","20260609_203401","defender_v2","RL","AgentB",92,"B","win",17.333,0.000,100.000,7,6,2,2,2,0,19,36.842,31.579,10.526,10.526,10.526,0.000
"EPISODE","20260609_203401","defender_v2","RL","AgentB",93,"A","loss",16.667,100.000,0.000,7,6,3,10,13,4,43,16.279,13.953,6.977,23.256,30.233,9.302
"EPISODE","20260609_203401","defender_v2","RL","AgentB",94,"B","win",22.933,0.000,60.000,9,7,3,0,3,1,23,39.130,30.435,13.043,0.000,13.043,4.348
"EPISODE","20260609_203401","defender_v2","RL","AgentB",95,"A","loss",20.667,40.000,0.000,8,7,3,6,6,2,32,25.000,21.875,9.375,18.750,18.750,6.250
"EPISODE","20260609_203401","defender_v2","RL","AgentB",96,"A","loss",15.733,100.000,0.000,6,6,3,8,8,0,31,19.355,19.355,9.677,25.806,25.806,0.000
"EPISODE","20260609_203401","defender_v2","RL","AgentB",97,"B","win",20.800,0.000,80.000,8,7,3,4,4,1,27,29.630,25.926,11.111,14.815,14.815,3.704
"EPISODE","20260609_203401","defender_v2","RL","AgentB",98,"B","win",15.200,0.000,100.000,6,6,1,1,0,0,14,42.857,42.857,7.143,7.143,0.000,0.000
"EPISODE","20260609_203401","defender_v2","RL","AgentB",99,"A","loss",12.933,100.000,0.000,5,4,2,8,3,3,25,20.000,16.000,8.000,32.000,12.000,12.000
"EPISODE","20260609_203401","defender_v2","RL","AgentB",100,"B","win",23.333,0.000,60.000,9,8,4,5,7,0,33,27.273,24.242,12.121,15.152,21.212,0.000
"SUMMARY","20260609_203401","defender_v2","RL","AgentB","ALL",,41,24.145,43.400,38.200,874,809,365,646,645,171,3510,24.900,23.048,10.399,18.405,18.376,4.872
