row_type,session_id,run_id,agent_type,analyze_target,episode,winner,result_for_analyzed,duration_sec,agent_a_final_hp,agent_b_final_hp,attack_count,block_count,dodge_count,move_toward_count,move_back_count,move_side_count,total_action_count,attack_ratio_percent,block_ratio_percent,dodge_ratio_percent,move_toward_ratio_percent,move_back_ratio_percent,move_side_ratio_percent,agent_a_win_rate_percent,agent_b_win_rate_percent,draw_rate_percent,timeout_rate_percent,analyzed_win_rate_percent,avg_duration_sec
"EPISODE","20260608_232453","BaselineAttacker","BT","AgentA",1,"B","loss",37.351,0.000,20.000,12,0,1,23,18,15,69,17.391,0.000,1.449,33.333,26.087,21.739,,,,,,
"EPISODE","20260608_232453","BaselineAttacker","BT","AgentA",2,"A","win",28.067,20.000,0.000,10,0,1,20,14,9,54,18.519,0.000,1.852,37.037,25.926,16.667,,,,,,
"EPISODE","20260608_232453","BaselineAttacker","BT","AgentA",3,"A","win",27.481,20.000,0.000,9,0,2,22,20,14,67,13.433,0.000,2.985,32.836,29.851,20.896,,,,,,
"EPISODE","20260608_232453","BaselineAttacker","BT","AgentA",4,"B","loss",36.707,0.000,40.000,11,0,3,30,19,16,79,13.924,0.000,3.797,37.975,24.051,20.253,,,,,,
"EPISODE","20260608_232453","BaselineAttacker","BT","AgentA",5,"A","win",28.708,60.000,0.000,9,0,0,17,12,6,44,20.455,0.000,0.000,38.636,27.273,13.636,,,,,,
"EPISODE","20260608_232453","BaselineAttacker","BT","AgentA",6,"A","win",47.588,20.000,0.000,14,0,7,28,22,13,84,16.667,0.000,8.333,33.333,26.190,15.476,,,,,,
"EPISODE","20260608_232453","BaselineAttacker","BT","AgentA",7,"B","loss",29.040,0.000,40.000,9,0,1,25,21,15,71,12.676,0.000,1.408,35.211,29.577,21.127,,,,,,
"EPISODE","20260608_232453","BaselineAttacker","BT","AgentA",8,"A","win",36.280,20.000,0.000,11,0,3,26,15,14,69,15.942,0.000,4.348,37.681,21.739,20.290,,,,,,
"EPISODE","20260608_232453","BaselineAttacker","BT","AgentA",9,"A","win",30.268,40.000,0.000,8,0,0,31,27,14,80,10.000,0.000,0.000,38.750,33.750,17.500,,,,,,
"EPISODE","20260608_232453","BaselineAttacker","BT","AgentA",10,"A","win",30.732,20.000,0.000,10,0,2,26,18,11,67,14.925,0.000,2.985,38.806,26.866,16.418,,,,,,
"EPISODE","20260608_232453","BaselineAttacker","BT","AgentA",11,"B","loss",19.611,0.000,100.000,7,0,1,17,13,10,48,14.583,0.000,2.083,35.417,27.083,20.833,,,,,,
"EPISODE","20260608_232453","BaselineAttacker","BT","AgentA",12,"A","win",27.646,40.000,0.000,7,0,0,23,21,15,66,10.606,0.000,0.000,34.848,31.818,22.727,,,,,,
"EPISODE","20260608_232453","BaselineAttacker","BT","AgentA",13,"B","loss",27.757,0.000,60.000,10,0,2,22,16,15,65,15.385,0.000,3.077,33.846,24.615,23.077,,,,,,
"EPISODE","20260608_232453","BaselineAttacker","BT","AgentA",14,"B","loss",34.544,0.000,20.000,12,0,1,24,22,13,72,16.667,0.000,1.389,33.333,30.556,18.056,,,,,,
"EPISODE","20260608_232453","BaselineAttacker","BT","AgentA",15,"A","win",30.455,20.000,0.000,10,0,2,29,22,19,82,12.195,0.000,2.439,35.366,26.829,23.171,,,,,,
"EPISODE","20260608_232453","BaselineAttacker","BT","AgentA",16,"B","loss",31.107,0.000,40.000,10,0,3,30,24,21,88,11.364,0.000,3.409,34.091,27.273,23.864,,,,,,
"EPISODE","20260608_232453","BaselineAttacker","BT","AgentA",17,"A","win",26.426,40.000,0.000,8,0,0,28,19,18,73,10.959,0.000,0.000,38.356,26.027,24.658,,,,,,
"EPISODE","20260608_232453","BaselineAttacker","BT","AgentA",18,"A","win",29.360,40.000,0.000,10,0,0,24,17,18,69,14.493,0.000,0.000,34.783,24.638,26.087,,,,,,
"EPISODE","20260608_232453","BaselineAttacker","BT","AgentA",19,"B","loss",19.413,0.000,80.000,7,0,1,13,10,7,38,18.421,0.000,2.632,34.211,26.316,18.421,,,,,,
"EPISODE","20260608_232453","BaselineAttacker","BT","AgentA",20,"B","loss",33.581,0.000,20.000,9,0,3,28,21,13,74,12.162,0.000,4.054,37.838,28.378,17.568,,,,,,
"EPISODE","20260608_232453","BaselineAttacker","BT","AgentA",21,"B","loss",30.310,0.000,20.000,11,0,1,21,17,16,66,16.667,0.000,1.515,31.818,25.758,24.242,,,,,,
"EPISODE","20260608_232453","BaselineAttacker","BT","AgentA",22,"TimeoutDraw","timeout",60.009,60.000,40.000,4,0,0,15,13,8,40,10.000,0.000,0.000,37.500,32.500,20.000,,,,,,
"EPISODE","20260608_232453","BaselineAttacker","BT","AgentA",23,"B","loss",32.322,0.000,20.000,11,0,1,30,24,16,82,13.415,0.000,1.220,36.585,29.268,19.512,,,,,,
"EPISODE","20260608_232453","BaselineAttacker","BT","AgentA",24,"A","win",26.946,60.000,0.000,9,0,0,25,16,15,65,13.846,0.000,0.000,38.462,24.615,23.077,,,,,,
"EPISODE","20260608_232453","BaselineAttacker","BT","AgentA",25,"A","win",35.268,20.000,0.000,11,0,4,36,25,17,93,11.828,0.000,4.301,38.710,26.882,18.280,,,,,,
"EPISODE","20260608_232453","BaselineAttacker","BT","AgentA",26,"B","loss",32.620,0.000,40.000,10,0,2,22,17,9,60,16.667,0.000,3.333,36.667,28.333,15.000,,,,,,
"EPISODE","20260608_232453","BaselineAttacker","BT","AgentA",27,"A","win",35.205,20.000,0.000,11,0,1,27,22,15,76,14.474,0.000,1.316,35.526,28.947,19.737,,,,,,
"EPISODE","20260608_232453","BaselineAttacker","BT","AgentA",28,"B","loss",19.544,0.000,80.000,7,0,1,14,10,9,41,17.073,0.000,2.439,34.146,24.390,21.951,,,,,,
"EPISODE","20260608_232453","BaselineAttacker","BT","AgentA",29,"A","win",26.985,60.000,0.000,9,0,0,21,17,19,66,13.636,0.000,0.000,31.818,25.758,28.788,,,,,,
"EPISODE","20260608_232453","BaselineAttacker","BT","AgentA",30,"B","loss",34.069,0.000,20.000,11,0,1,29,27,18,86,12.791,0.000,1.163,33.721,31.395,20.930,,,,,,
"EPISODE","20260608_232453","BaselineAttacker","BT","AgentA",31,"A","win",37.337,20.000,0.000,11,0,5,22,17,9,64,17.188,0.000,7.813,34.375,26.563,14.063,,,,,,
"EPISODE","20260608_232453","BaselineAttacker","BT","AgentA",32,"A","win",35.951,20.000,0.000,11,0,3,30,21,16,81,13.580,0.000,3.704,37.037,25.926,19.753,,,,,,
"EPISODE","20260608_232453","BaselineAttacker","BT","AgentA",33,"B","loss",27.988,0.000,60.000,9,0,1,25,20,16,71,12.676,0.000,1.408,35.211,28.169,22.535,,,,,,
"EPISODE","20260608_232453","BaselineAttacker","BT","AgentA",34,"B","loss",25.150,0.000,60.000,9,0,1,20,17,13,60,15.000,0.000,1.667,33.333,28.333,21.667,,,,,,
"EPISODE","20260608_232453","BaselineAttacker","BT","AgentA",35,"B","loss",28.336,0.000,40.000,8,0,1,23,17,10,59,13.559,0.000,1.695,38.983,28.814,16.949,,,,,,
"EPISODE","20260608_232453","BaselineAttacker","BT","AgentA",36,"A","win",27.377,40.000,0.000,9,0,0,25,18,10,62,14.516,0.000,0.000,40.323,29.032,16.129,,,,,,
"EPISODE","20260608_232453","BaselineAttacker","BT","AgentA",37,"B","loss",47.786,0.000,20.000,11,0,3,55,46,13,128,8.594,0.000,2.344,42.969,35.938,10.156,,,,,,
"EPISODE","20260608_232453","BaselineAttacker","BT","AgentA",38,"A","win",26.655,40.000,0.000,9,0,0,21,20,14,64,14.063,0.000,0.000,32.813,31.250,21.875,,,,,,
"EPISODE","20260608_232453","BaselineAttacker","BT","AgentA",39,"A","win",22.894,60.000,0.000,8,0,0,17,11,8,44,18.182,0.000,0.000,38.636,25.000,18.182,,,,,,
"EPISODE","20260608_232453","BaselineAttacker","BT","AgentA",40,"A","win",33.588,20.000,0.000,11,0,1,23,18,11,64,17.188,0.000,1.563,35.938,28.125,17.188,,,,,,
"EPISODE","20260608_232453","BaselineAttacker","BT","AgentA",41,"A","win",24.534,80.000,0.000,8,0,0,11,8,4,31,25.806,0.000,0.000,35.484,25.806,12.903,,,,,,
"EPISODE","20260608_232453","BaselineAttacker","BT","AgentA",42,"B","loss",28.198,0.000,60.000,8,0,1,25,18,18,70,11.429,0.000,1.429,35.714,25.714,25.714,,,,,,
"EPISODE","20260608_232453","BaselineAttacker","BT","AgentA",43,"A","win",27.669,40.000,0.000,9,0,0,25,21,15,70,12.857,0.000,0.000,35.714,30.000,21.429,,,,,,
"EPISODE","20260608_232453","BaselineAttacker","BT","AgentA",44,"A","win",25.461,20.000,0.000,8,0,2,24,21,17,72,11.111,0.000,2.778,33.333,29.167,23.611,,,,,,
"EPISODE","20260608_232453","BaselineAttacker","BT","AgentA",45,"B","loss",28.887,0.000,60.000,9,0,1,28,21,20,79,11.392,0.000,1.266,35.443,26.582,25.316,,,,,,
"EPISODE","20260608_232453","BaselineAttacker","BT","AgentA",46,"A","win",27.662,40.000,0.000,7,0,0,28,24,15,74,9.459,0.000,0.000,37.838,32.432,20.270,,,,,,
"EPISODE","20260608_232453","BaselineAttacker","BT","AgentA",47,"B","loss",28.370,0.000,80.000,10,0,2,21,19,12,64,15.625,0.000,3.125,32.813,29.688,18.750,,,,,,
"EPISODE","20260608_232453","BaselineAttacker","BT","AgentA",48,"A","win",33.127,20.000,0.000,11,0,4,32,24,8,79,13.924,0.000,5.063,40.506,30.380,10.127,,,,,,
"EPISODE","20260608_232453","BaselineAttacker","BT","AgentA",49,"B","loss",34.865,0.000,40.000,11,0,4,27,19,11,72,15.278,0.000,5.556,37.500,26.389,15.278,,,,,,
"EPISODE","20260608_232453","BaselineAttacker","BT","AgentA",50,"B","loss",31.732,0.000,20.000,10,0,3,21,15,11,60,16.667,0.000,5.000,35.000,25.000,18.333,,,,,,
"EPISODE","20260608_232453","BaselineAttacker","BT","AgentA",51,"A","win",26.484,40.000,0.000,9,0,0,27,24,17,77,11.688,0.000,0.000,35.065,31.169,22.078,,,,,,
"EPISODE","20260608_232453","BaselineAttacker","BT","AgentA",52,"A","win",27.204,40.000,0.000,9,0,0,22,21,13,65,13.846,0.000,0.000,33.846,32.308,20.000,,,,,,
"EPISODE","20260608_232453","BaselineAttacker","BT","AgentA",53,"A","win",26.953,40.000,0.000,9,0,0,25,20,21,75,12.000,0.000,0.000,33.333,26.667,28.000,,,,,,
"EPISODE","20260608_232453","BaselineAttacker","BT","AgentA",54,"A","win",26.484,40.000,0.000,9,0,0,24,23,17,73,12.329,0.000,0.000,32.877,31.507,23.288,,,,,,
"EPISODE","20260608_232453","BaselineAttacker","BT","AgentA",55,"A","win",33.286,20.000,0.000,9,0,2,30,24,16,81,11.111,0.000,2.469,37.037,29.630,19.753,,,,,,
"EPISODE","20260608_232453","BaselineAttacker","BT","AgentA",56,"A","win",41.134,20.000,0.000,12,0,4,17,10,2,45,26.667,0.000,8.889,37.778,22.222,4.444,,,,,,
"EPISODE","20260608_232453","BaselineAttacker","BT","AgentA",57,"A","win",37.250,20.000,0.000,11,0,3,27,20,11,72,15.278,0.000,4.167,37.500,27.778,15.278,,,,,,
"EPISODE","20260608_232453","BaselineAttacker","BT","AgentA",58,"A","win",40.078,20.000,0.000,12,0,5,22,17,12,68,17.647,0.000,7.353,32.353,25.000,17.647,,,,,,
"EPISODE","20260608_232453","BaselineAttacker","BT","AgentA",59,"A","win",24.905,60.000,0.000,8,0,0,20,17,8,53,15.094,0.000,0.000,37.736,32.075,15.094,,,,,,
"EPISODE","20260608_232453","BaselineAttacker","BT","AgentA",60,"A","win",33.495,20.000,0.000,9,0,2,30,25,14,80,11.250,0.000,2.500,37.500,31.250,17.500,,,,,,
"EPISODE","20260608_232453","BaselineAttacker","BT","AgentA",61,"A","win",23.995,60.000,0.000,8,0,0,16,13,7,44,18.182,0.000,0.000,36.364,29.545,15.909,,,,,,
"EPISODE","20260608_232453","BaselineAttacker","BT","AgentA",62,"TimeoutDraw","timeout",60.076,20.000,20.000,12,0,5,43,27,17,104,11.538,0.000,4.808,41.346,25.962,16.346,,,,,,
"EPISODE","20260608_232453","BaselineAttacker","BT","AgentA",63,"B","loss",33.458,0.000,40.000,11,0,1,26,19,10,67,16.418,0.000,1.493,38.806,28.358,14.925,,,,,,
"EPISODE","20260608_232453","BaselineAttacker","BT","AgentA",64,"A","win",30.283,40.000,0.000,9,0,0,26,18,11,64,14.063,0.000,0.000,40.625,28.125,17.188,,,,,,
"EPISODE","20260608_232453","BaselineAttacker","BT","AgentA",65,"A","win",29.467,40.000,0.000,9,0,0,24,21,16,70,12.857,0.000,0.000,34.286,30.000,22.857,,,,,,
"EPISODE","20260608_232453","BaselineAttacker","BT","AgentA",66,"A","win",33.547,20.000,0.000,11,0,4,25,20,14,74,14.865,0.000,5.405,33.784,27.027,18.919,,,,,,
"EPISODE","20260608_232453","BaselineAttacker","BT","AgentA",67,"B","loss",30.622,0.000,40.000,8,0,1,19,19,10,57,14.035,0.000,1.754,33.333,33.333,17.544,,,,,,
"EPISODE","20260608_232453","BaselineAttacker","BT","AgentA",68,"B","loss",45.048,0.000,20.000,12,0,3,32,31,14,92,13.043,0.000,3.261,34.783,33.696,15.217,,,,,,
"EPISODE","20260608_232453","BaselineAttacker","BT","AgentA",69,"A","win",28.561,40.000,0.000,9,0,0,16,10,3,38,23.684,0.000,0.000,42.105,26.316,7.895,,,,,,
"EPISODE","20260608_232453","BaselineAttacker","BT","AgentA",70,"A","win",30.432,60.000,0.000,9,0,0,15,12,2,38,23.684,0.000,0.000,39.474,31.579,5.263,,,,,,
"EPISODE","20260608_232453","BaselineAttacker","BT","AgentA",71,"B","loss",36.047,0.000,60.000,11,0,3,26,20,10,70,15.714,0.000,4.286,37.143,28.571,14.286,,,,,,
"EPISODE","20260608_232453","BaselineAttacker","BT","AgentA",72,"B","loss",40.839,0.000,40.000,10,0,1,21,19,6,57,17.544,0.000,1.754,36.842,33.333,10.526,,,,,,
"EPISODE","20260608_232453","BaselineAttacker","BT","AgentA",73,"B","loss",45.204,0.000,60.000,12,0,1,30,26,12,81,14.815,0.000,1.235,37.037,32.099,14.815,,,,,,
"EPISODE","20260608_232453","BaselineAttacker","BT","AgentA",74,"A","win",23.713,100.000,0.000,6,0,0,18,8,7,39,15.385,0.000,0.000,46.154,20.513,17.949,,,,,,
"EPISODE","20260608_232453","BaselineAttacker","BT","AgentA",75,"A","win",15.853,100.000,0.000,5,0,0,11,7,2,25,20.000,0.000,0.000,44.000,28.000,8.000,,,,,,
"EPISODE","20260608_232453","BaselineAttacker","BT","AgentA",76,"B","loss",41.389,0.000,60.000,12,0,4,29,19,8,72,16.667,0.000,5.556,40.278,26.389,11.111,,,,,,
"EPISODE","20260608_232453","BaselineAttacker","BT","AgentA",77,"TimeoutDraw","timeout",60.161,20.000,20.000,15,0,6,52,42,20,135,11.111,0.000,4.444,38.519,31.111,14.815,,,,,,
"EPISODE","20260608_232453","BaselineAttacker","BT","AgentA",78,"B","loss",30.158,0.000,40.000,8,0,3,23,17,12,63,12.698,0.000,4.762,36.508,26.984,19.048,,,,,,
"EPISODE","20260608_232453","BaselineAttacker","BT","AgentA",79,"A","win",52.788,20.000,0.000,12,0,8,33,27,11,91,13.187,0.000,8.791,36.264,29.670,12.088,,,,,,
"EPISODE","20260608_232453","BaselineAttacker","BT","AgentA",80,"A","win",27.031,60.000,0.000,8,0,0,21,18,7,54,14.815,0.000,0.000,38.889,33.333,12.963,,,,,,
"EPISODE","20260608_232453","BaselineAttacker","BT","AgentA",81,"A","win",40.739,20.000,0.000,12,0,4,38,24,15,93,12.903,0.000,4.301,40.860,25.806,16.129,,,,,,
"EPISODE","20260608_232453","BaselineAttacker","BT","AgentA",82,"A","win",28.104,20.000,0.000,10,0,1,22,20,13,66,15.152,0.000,1.515,33.333,30.303,19.697,,,,,,
"EPISODE","20260608_232453","BaselineAttacker","BT","AgentA",83,"A","win",26.991,100.000,0.000,8,0,0,16,8,9,41,19.512,0.000,0.000,39.024,19.512,21.951,,,,,,
"EPISODE","20260608_232453","BaselineAttacker","BT","AgentA",84,"B","loss",34.149,0.000,40.000,12,0,1,26,21,9,69,17.391,0.000,1.449,37.681,30.435,13.043,,,,,,
"EPISODE","20260608_232453","BaselineAttacker","BT","AgentA",85,"A","win",23.781,100.000,0.000,7,0,0,12,10,2,31,22.581,0.000,0.000,38.710,32.258,6.452,,,,,,
"EPISODE","20260608_232453","BaselineAttacker","BT","AgentA",86,"B","loss",32.426,0.000,40.000,9,0,1,25,24,10,69,13.043,0.000,1.449,36.232,34.783,14.493,,,,,,
"EPISODE","20260608_232453","BaselineAttacker","BT","AgentA",87,"A","win",35.845,60.000,0.000,8,0,0,32,28,17,85,9.412,0.000,0.000,37.647,32.941,20.000,,,,,,
"EPISODE","20260608_232453","BaselineAttacker","BT","AgentA",88,"B","loss",37.104,0.000,20.000,12,0,3,25,22,14,76,15.789,0.000,3.947,32.895,28.947,18.421,,,,,,
"EPISODE","20260608_232453","BaselineAttacker","BT","AgentA",89,"A","win",26.262,20.000,0.000,9,0,2,20,18,8,57,15.789,0.000,3.509,35.088,31.579,14.035,,,,,,
"EPISODE","20260608_232453","BaselineAttacker","BT","AgentA",90,"A","win",36.464,20.000,0.000,11,0,3,22,15,8,59,18.644,0.000,5.085,37.288,25.424,13.559,,,,,,
"EPISODE","20260608_232453","BaselineAttacker","BT","AgentA",91,"A","win",29.188,20.000,0.000,9,0,2,21,14,9,55,16.364,0.000,3.636,38.182,25.455,16.364,,,,,,
"EPISODE","20260608_232453","BaselineAttacker","BT","AgentA",92,"A","win",39.376,20.000,0.000,13,0,4,31,26,22,96,13.542,0.000,4.167,32.292,27.083,22.917,,,,,,
"EPISODE","20260608_232453","BaselineAttacker","BT","AgentA",93,"A","win",28.750,60.000,0.000,8,0,0,13,10,3,34,23.529,0.000,0.000,38.235,29.412,8.824,,,,,,
"EPISODE","20260608_232453","BaselineAttacker","BT","AgentA",94,"B","loss",35.681,0.000,40.000,9,0,4,29,19,8,69,13.043,0.000,5.797,42.029,27.536,11.594,,,,,,
"EPISODE","20260608_232453","BaselineAttacker","BT","AgentA",95,"A","win",33.338,20.000,0.000,11,0,2,27,19,10,69,15.942,0.000,2.899,39.130,27.536,14.493,,,,,,
"EPISODE","20260608_232453","BaselineAttacker","BT","AgentA",96,"TimeoutDraw","timeout",60.086,40.000,40.000,7,0,0,17,16,8,48,14.583,0.000,0.000,35.417,33.333,16.667,,,,,,
"EPISODE","20260608_232453","BaselineAttacker","BT","AgentA",97,"B","loss",25.530,0.000,60.000,8,0,1,22,15,9,55,14.545,0.000,1.818,40.000,27.273,16.364,,,,,,
"EPISODE","20260608_232453","BaselineAttacker","BT","AgentA",98,"A","win",30.112,60.000,0.000,10,0,0,26,21,13,70,14.286,0.000,0.000,37.143,30.000,18.571,,,,,,
"EPISODE","20260608_232453","BaselineAttacker","BT","AgentA",99,"A","win",39.525,20.000,0.000,12,0,4,32,22,6,76,15.789,0.000,5.263,42.105,28.947,7.895,,,,,,
"EPISODE","20260608_232453","BaselineAttacker","BT","AgentA",100,"A","win",39.566,20.000,0.000,11,0,1,28,20,18,78,14.103,0.000,1.282,35.897,25.641,23.077,,,,,,
"SUMMARY","20260608_232453","BaselineAttacker","BT","AgentA","ALL",,,32.679,,,9.640,0.000,1.650,24.630,19.200,12.100,67.220,14.341,0.000,2.455,36.641,28.563,18.001,60.000,36.000,0.000,4.000,60.000,32.679
