row_type,session_id,run_id,agent_type,analyze_target,episode,winner,result_for_analyzed,duration_sec,agent_a_final_hp,agent_b_final_hp,attack_count,block_count,dodge_count,move_toward_count,move_back_count,move_side_count,total_action_count,attack_ratio_percent,block_ratio_percent,dodge_ratio_percent,move_toward_ratio_percent,move_back_ratio_percent,move_side_ratio_percent
"EPISODE","20260608_234855","BaselineDefender","BT","AgentB",1,"B","win",25.782,0.000,60.000,7,8,4,10,10,2,41,17.073,19.512,9.756,24.390,24.390,4.878
"EPISODE","20260608_234855","BaselineDefender","BT","AgentB",2,"B","win",21.792,0.000,40.000,6,5,4,7,6,7,35,17.143,14.286,11.429,20.000,17.143,20.000
"EPISODE","20260608_234855","BaselineDefender","BT","AgentB",3,"A","loss",17.323,40.000,0.000,4,5,3,4,3,2,21,19.048,23.810,14.286,19.048,14.286,9.524
"EPISODE","20260608_234855","BaselineDefender","BT","AgentB",4,"A","loss",26.558,40.000,0.000,5,6,4,13,9,10,47,10.638,12.766,8.511,27.660,19.149,21.277
"EPISODE","20260608_234855","BaselineDefender","BT","AgentB",5,"A","loss",14.739,60.000,0.000,3,4,2,4,2,3,18,16.667,22.222,11.111,22.222,11.111,16.667
"EPISODE","20260608_234855","BaselineDefender","BT","AgentB",6,"A","loss",27.026,60.000,0.000,3,6,4,9,7,2,31,9.677,19.355,12.903,29.032,22.581,6.452
"EPISODE","20260608_234855","BaselineDefender","BT","AgentB",7,"B","win",21.782,0.000,40.000,6,5,4,6,6,3,30,20.000,16.667,13.333,20.000,20.000,10.000
"EPISODE","20260608_234855","BaselineDefender","BT","AgentB",8,"B","win",31.346,0.000,40.000,7,8,5,12,11,6,49,14.286,16.327,10.204,24.490,22.449,12.245
"EPISODE","20260608_234855","BaselineDefender","BT","AgentB",9,"B","win",21.798,0.000,40.000,6,5,4,6,5,4,30,20.000,16.667,13.333,20.000,16.667,13.333
"EPISODE","20260608_234855","BaselineDefender","BT","AgentB",10,"A","loss",37.828,20.000,0.000,7,7,6,20,15,12,67,10.448,10.448,8.955,29.851,22.388,17.910
"EPISODE","20260608_234855","BaselineDefender","BT","AgentB",11,"TimeoutDraw","timeout",60.059,60.000,40.000,3,4,3,4,7,8,29,10.345,13.793,10.345,13.793,24.138,27.586
"EPISODE","20260608_234855","BaselineDefender","BT","AgentB",12,"B","win",30.603,0.000,100.000,5,7,5,9,10,6,42,11.905,16.667,11.905,21.429,23.810,14.286
"EPISODE","20260608_234855","BaselineDefender","BT","AgentB",13,"B","win",34.447,0.000,40.000,7,9,6,12,9,7,50,14.000,18.000,12.000,24.000,18.000,14.000
"EPISODE","20260608_234855","BaselineDefender","BT","AgentB",14,"B","win",27.801,0.000,20.000,6,3,5,11,7,5,37,16.216,8.108,13.514,29.730,18.919,13.514
"EPISODE","20260608_234855","BaselineDefender","BT","AgentB",15,"B","win",35.456,0.000,40.000,6,8,6,15,9,7,51,11.765,15.686,11.765,29.412,17.647,13.725
"EPISODE","20260608_234855","BaselineDefender","BT","AgentB",16,"A","loss",33.223,20.000,0.000,7,9,5,10,6,2,39,17.949,23.077,12.821,25.641,15.385,5.128
"EPISODE","20260608_234855","BaselineDefender","BT","AgentB",17,"B","win",22.172,0.000,80.000,5,3,4,13,11,8,44,11.364,6.818,9.091,29.545,25.000,18.182
"EPISODE","20260608_234855","BaselineDefender","BT","AgentB",18,"B","win",34.760,0.000,40.000,7,10,6,10,8,3,44,15.909,22.727,13.636,22.727,18.182,6.818
"EPISODE","20260608_234855","BaselineDefender","BT","AgentB",19,"A","loss",37.237,20.000,0.000,6,8,6,13,12,9,54,11.111,14.815,11.111,24.074,22.222,16.667
"EPISODE","20260608_234855","BaselineDefender","BT","AgentB",20,"A","loss",28.216,40.000,0.000,4,7,5,15,11,7,49,8.163,14.286,10.204,30.612,22.449,14.286
"EPISODE","20260608_234855","BaselineDefender","BT","AgentB",21,"B","win",27.869,0.000,100.000,6,7,5,10,8,2,38,15.789,18.421,13.158,26.316,21.053,5.263
"EPISODE","20260608_234855","BaselineDefender","BT","AgentB",22,"B","win",32.682,0.000,20.000,6,8,6,14,10,5,49,12.245,16.327,12.245,28.571,20.408,10.204
"EPISODE","20260608_234855","BaselineDefender","BT","AgentB",23,"A","loss",26.268,40.000,0.000,5,6,4,13,9,6,43,11.628,13.953,9.302,30.233,20.930,13.953
"EPISODE","20260608_234855","BaselineDefender","BT","AgentB",24,"B","win",30.628,0.000,40.000,7,8,5,11,8,6,45,15.556,17.778,11.111,24.444,17.778,13.333
"EPISODE","20260608_234855","BaselineDefender","BT","AgentB",25,"A","loss",32.336,40.000,0.000,5,8,5,15,10,8,51,9.804,15.686,9.804,29.412,19.608,15.686
"EPISODE","20260608_234855","BaselineDefender","BT","AgentB",26,"B","win",21.792,0.000,20.000,6,5,4,5,5,6,31,19.355,16.129,12.903,16.129,16.129,19.355
"EPISODE","20260608_234855","BaselineDefender","BT","AgentB",27,"B","win",21.634,0.000,40.000,6,5,4,8,3,4,30,20.000,16.667,13.333,26.667,10.000,13.333
"EPISODE","20260608_234855","BaselineDefender","BT","AgentB",28,"A","loss",27.357,40.000,0.000,6,7,4,7,10,2,36,16.667,19.444,11.111,19.444,27.778,5.556
"EPISODE","20260608_234855","BaselineDefender","BT","AgentB",29,"B","win",31.826,0.000,20.000,6,8,5,13,9,7,48,12.500,16.667,10.417,27.083,18.750,14.583
"EPISODE","20260608_234855","BaselineDefender","BT","AgentB",30,"B","win",33.264,0.000,20.000,6,6,5,16,10,8,51,11.765,11.765,9.804,31.373,19.608,15.686
"EPISODE","20260608_234855","BaselineDefender","BT","AgentB",31,"A","loss",26.616,40.000,0.000,5,6,4,6,3,6,30,16.667,20.000,13.333,20.000,10.000,20.000
"EPISODE","20260608_234855","BaselineDefender","BT","AgentB",32,"B","win",31.927,0.000,40.000,6,7,6,11,7,7,44,13.636,15.909,13.636,25.000,15.909,15.909
"EPISODE","20260608_234855","BaselineDefender","BT","AgentB",33,"A","loss",29.297,40.000,0.000,5,5,5,11,9,5,40,12.500,12.500,12.500,27.500,22.500,12.500
"EPISODE","20260608_234855","BaselineDefender","BT","AgentB",34,"B","win",31.430,0.000,40.000,6,8,5,9,7,5,40,15.000,20.000,12.500,22.500,17.500,12.500
"EPISODE","20260608_234855","BaselineDefender","BT","AgentB",35,"B","win",34.686,0.000,60.000,7,8,6,12,8,9,50,14.000,16.000,12.000,24.000,16.000,18.000
"EPISODE","20260608_234855","BaselineDefender","BT","AgentB",36,"A","loss",32.684,40.000,0.000,6,8,5,10,10,9,48,12.500,16.667,10.417,20.833,20.833,18.750
"EPISODE","20260608_234855","BaselineDefender","BT","AgentB",37,"B","win",27.609,0.000,40.000,6,6,5,11,6,6,40,15.000,15.000,12.500,27.500,15.000,15.000
"EPISODE","20260608_234855","BaselineDefender","BT","AgentB",38,"A","loss",28.825,20.000,0.000,6,6,4,6,6,5,33,18.182,18.182,12.121,18.182,18.182,15.152
"EPISODE","20260608_234855","BaselineDefender","BT","AgentB",39,"B","win",25.243,0.000,40.000,6,7,4,6,3,4,30,20.000,23.333,13.333,20.000,10.000,13.333
"EPISODE","20260608_234855","BaselineDefender","BT","AgentB",40,"B","win",30.951,0.000,20.000,7,5,5,13,10,8,48,14.583,10.417,10.417,27.083,20.833,16.667
"EPISODE","20260608_234855","BaselineDefender","BT","AgentB",41,"A","loss",26.179,20.000,0.000,6,4,4,12,7,9,42,14.286,9.524,9.524,28.571,16.667,21.429
"EPISODE","20260608_234855","BaselineDefender","BT","AgentB",42,"A","loss",36.188,20.000,0.000,5,7,6,14,11,7,50,10.000,14.000,12.000,28.000,22.000,14.000
"EPISODE","20260608_234855","BaselineDefender","BT","AgentB",43,"B","win",32.691,0.000,40.000,6,9,6,11,9,3,44,13.636,20.455,13.636,25.000,20.455,6.818
"EPISODE","20260608_234855","BaselineDefender","BT","AgentB",44,"B","win",31.093,0.000,60.000,6,6,5,14,13,10,54,11.111,11.111,9.259,25.926,24.074,18.519
"EPISODE","20260608_234855","BaselineDefender","BT","AgentB",45,"B","win",22.211,0.000,40.000,6,3,4,15,11,11,50,12.000,6.000,8.000,30.000,22.000,22.000
"EPISODE","20260608_234855","BaselineDefender","BT","AgentB",46,"B","win",21.743,0.000,20.000,6,5,4,4,4,3,26,23.077,19.231,15.385,15.385,15.385,11.538
"EPISODE","20260608_234855","BaselineDefender","BT","AgentB",47,"B","win",31.680,0.000,20.000,6,8,5,15,13,12,59,10.169,13.559,8.475,25.424,22.034,20.339
"EPISODE","20260608_234855","BaselineDefender","BT","AgentB",48,"B","win",31.277,0.000,40.000,7,6,5,14,8,11,51,13.725,11.765,9.804,27.451,15.686,21.569
"EPISODE","20260608_234855","BaselineDefender","BT","AgentB",49,"A","loss",28.556,40.000,0.000,5,9,5,12,11,4,46,10.870,19.565,10.870,26.087,23.913,8.696
"EPISODE","20260608_234855","BaselineDefender","BT","AgentB",50,"A","loss",33.537,20.000,0.000,7,5,5,16,15,6,54,12.963,9.259,9.259,29.630,27.778,11.111
"EPISODE","20260608_234855","BaselineDefender","BT","AgentB",51,"A","loss",25.999,40.000,0.000,5,6,4,10,5,5,35,14.286,17.143,11.429,28.571,14.286,14.286
"EPISODE","20260608_234855","BaselineDefender","BT","AgentB",52,"TimeoutDraw","timeout",60.037,40.000,40.000,4,4,3,5,22,5,43,9.302,9.302,6.977,11.628,51.163,11.628
"EPISODE","20260608_234855","BaselineDefender","BT","AgentB",53,"B","win",31.669,0.000,20.000,7,6,5,12,5,8,43,16.279,13.953,11.628,27.907,11.628,18.605
"EPISODE","20260608_234855","BaselineDefender","BT","AgentB",54,"B","win",24.602,0.000,40.000,6,6,4,7,2,3,28,21.429,21.429,14.286,25.000,7.143,10.714
"EPISODE","20260608_234855","BaselineDefender","BT","AgentB",55,"B","win",25.589,0.000,60.000,5,7,4,7,7,2,32,15.625,21.875,12.500,21.875,21.875,6.250
"EPISODE","20260608_234855","BaselineDefender","BT","AgentB",56,"A","loss",46.772,20.000,0.000,7,11,6,8,9,5,46,15.217,23.913,13.043,17.391,19.565,10.870
"EPISODE","20260608_234855","BaselineDefender","BT","AgentB",57,"A","loss",32.911,20.000,0.000,6,6,5,15,14,11,57,10.526,10.526,8.772,26.316,24.561,19.298
"EPISODE","20260608_234855","BaselineDefender","BT","AgentB",58,"A","loss",25.532,20.000,0.000,6,4,4,10,9,9,42,14.286,9.524,9.524,23.810,21.429,21.429
"EPISODE","20260608_234855","BaselineDefender","BT","AgentB",59,"A","loss",35.788,20.000,0.000,7,9,6,13,10,7,52,13.462,17.308,11.538,25.000,19.231,13.462
"EPISODE","20260608_234855","BaselineDefender","BT","AgentB",60,"A","loss",33.076,20.000,0.000,7,8,5,13,10,5,48,14.583,16.667,10.417,27.083,20.833,10.417
"EPISODE","20260608_234855","BaselineDefender","BT","AgentB",61,"A","loss",30.894,20.000,0.000,6,6,5,11,13,10,51,11.765,11.765,9.804,21.569,25.490,19.608
"EPISODE","20260608_234855","BaselineDefender","BT","AgentB",62,"B","win",19.489,0.000,80.000,5,3,3,7,3,6,27,18.519,11.111,11.111,25.926,11.111,22.222
"EPISODE","20260608_234855","BaselineDefender","BT","AgentB",63,"TimeoutDraw","timeout",60.053,60.000,40.000,3,4,3,5,8,4,27,11.111,14.815,11.111,18.519,29.630,14.815
"EPISODE","20260608_234855","BaselineDefender","BT","AgentB",64,"B","win",21.532,0.000,60.000,6,3,4,8,6,7,34,17.647,8.824,11.765,23.529,17.647,20.588
"EPISODE","20260608_234855","BaselineDefender","BT","AgentB",65,"A","loss",28.752,40.000,0.000,5,6,4,9,4,5,33,15.152,18.182,12.121,27.273,12.121,15.152
"EPISODE","20260608_234855","BaselineDefender","BT","AgentB",66,"B","win",22.020,0.000,20.000,6,5,4,7,7,7,36,16.667,13.889,11.111,19.444,19.444,19.444
"EPISODE","20260608_234855","BaselineDefender","BT","AgentB",67,"A","loss",23.627,60.000,0.000,4,6,4,10,9,5,38,10.526,15.789,10.526,26.316,23.684,13.158
"EPISODE","20260608_234855","BaselineDefender","BT","AgentB",68,"B","win",33.015,0.000,20.000,7,8,6,10,10,7,48,14.583,16.667,12.500,20.833,20.833,14.583
"EPISODE","20260608_234855","BaselineDefender","BT","AgentB",69,"A","loss",26.626,60.000,0.000,5,6,4,11,8,6,40,12.500,15.000,10.000,27.500,20.000,15.000
"EPISODE","20260608_234855","BaselineDefender","BT","AgentB",70,"A","loss",31.351,20.000,0.000,6,7,5,10,8,9,45,13.333,15.556,11.111,22.222,17.778,20.000
"EPISODE","20260608_234855","BaselineDefender","BT","AgentB",71,"A","loss",33.081,20.000,0.000,7,8,5,11,8,7,46,15.217,17.391,10.870,23.913,17.391,15.217
"EPISODE","20260608_234855","BaselineDefender","BT","AgentB",72,"A","loss",23.807,60.000,0.000,4,7,4,8,8,2,33,12.121,21.212,12.121,24.242,24.242,6.061
"EPISODE","20260608_234855","BaselineDefender","BT","AgentB",73,"B","win",31.879,0.000,40.000,6,7,5,15,11,11,55,10.909,12.727,9.091,27.273,20.000,20.000
"EPISODE","20260608_234855","BaselineDefender","BT","AgentB",74,"B","win",26.516,0.000,60.000,7,7,4,8,7,3,36,19.444,19.444,11.111,22.222,19.444,8.333
"EPISODE","20260608_234855","BaselineDefender","BT","AgentB",75,"B","win",30.646,0.000,20.000,6,8,5,8,8,9,44,13.636,18.182,11.364,18.182,18.182,20.455
"EPISODE","20260608_234855","BaselineDefender","BT","AgentB",76,"B","win",23.643,0.000,40.000,6,4,4,15,12,13,54,11.111,7.407,7.407,27.778,22.222,24.074
"EPISODE","20260608_234855","BaselineDefender","BT","AgentB",77,"B","win",31.154,0.000,40.000,6,7,5,12,8,6,44,13.636,15.909,11.364,27.273,18.182,13.636
"EPISODE","20260608_234855","BaselineDefender","BT","AgentB",78,"A","loss",26.640,80.000,0.000,4,6,4,6,7,0,27,14.815,22.222,14.815,22.222,25.926,0.000
"EPISODE","20260608_234855","BaselineDefender","BT","AgentB",79,"A","loss",34.828,20.000,0.000,7,9,6,10,9,2,43,16.279,20.930,13.953,23.256,20.930,4.651
"EPISODE","20260608_234855","BaselineDefender","BT","AgentB",80,"A","loss",29.140,20.000,0.000,6,5,5,11,9,8,44,13.636,11.364,11.364,25.000,20.455,18.182
"EPISODE","20260608_234855","BaselineDefender","BT","AgentB",81,"A","loss",28.008,20.000,0.000,6,6,4,10,8,4,38,15.789,15.789,10.526,26.316,21.053,10.526
"EPISODE","20260608_234855","BaselineDefender","BT","AgentB",82,"B","win",27.910,0.000,20.000,6,5,5,10,6,1,33,18.182,15.152,15.152,30.303,18.182,3.030
"EPISODE","20260608_234855","BaselineDefender","BT","AgentB",83,"B","win",29.934,0.000,20.000,6,7,5,7,9,8,42,14.286,16.667,11.905,16.667,21.429,19.048
"EPISODE","20260608_234855","BaselineDefender","BT","AgentB",84,"A","loss",28.337,20.000,0.000,6,7,5,10,10,10,48,12.500,14.583,10.417,20.833,20.833,20.833
"EPISODE","20260608_234855","BaselineDefender","BT","AgentB",85,"TimeoutDraw","timeout",60.025,60.000,40.000,3,5,3,3,13,1,28,10.714,17.857,10.714,10.714,46.429,3.571
"EPISODE","20260608_234855","BaselineDefender","BT","AgentB",86,"TimeoutDraw","timeout",60.040,60.000,40.000,3,5,3,3,10,4,28,10.714,17.857,10.714,10.714,35.714,14.286
"EPISODE","20260608_234855","BaselineDefender","BT","AgentB",87,"A","loss",26.298,40.000,0.000,5,6,4,13,7,12,47,10.638,12.766,8.511,27.660,14.894,25.532
"EPISODE","20260608_234855","BaselineDefender","BT","AgentB",88,"A","loss",26.461,40.000,0.000,5,6,4,10,6,9,40,12.500,15.000,10.000,25.000,15.000,22.500
"EPISODE","20260608_234855","BaselineDefender","BT","AgentB",89,"A","loss",35.906,20.000,0.000,6,8,6,19,20,9,68,8.824,11.765,8.824,27.941,29.412,13.235
"EPISODE","20260608_234855","BaselineDefender","BT","AgentB",90,"A","loss",34.513,20.000,0.000,5,6,6,22,17,13,69,7.246,8.696,8.696,31.884,24.638,18.841
"EPISODE","20260608_234855","BaselineDefender","BT","AgentB",91,"A","loss",27.293,40.000,0.000,5,5,4,12,9,6,41,12.195,12.195,9.756,29.268,21.951,14.634
"EPISODE","20260608_234855","BaselineDefender","BT","AgentB",92,"B","win",30.542,0.000,40.000,6,5,5,12,9,8,45,13.333,11.111,11.111,26.667,20.000,17.778
"EPISODE","20260608_234855","BaselineDefender","BT","AgentB",93,"A","loss",28.655,60.000,0.000,5,6,4,9,11,6,41,12.195,14.634,9.756,21.951,26.829,14.634
"EPISODE","20260608_234855","BaselineDefender","BT","AgentB",94,"A","loss",27.420,40.000,0.000,5,7,5,14,12,4,47,10.638,14.894,10.638,29.787,25.532,8.511
"EPISODE","20260608_234855","BaselineDefender","BT","AgentB",95,"A","loss",38.896,20.000,0.000,6,9,6,14,14,6,55,10.909,16.364,10.909,25.455,25.455,10.909
"EPISODE","20260608_234855","BaselineDefender","BT","AgentB",96,"A","loss",26.709,40.000,0.000,5,6,4,10,9,9,43,11.628,13.953,9.302,23.256,20.930,20.930
"EPISODE","20260608_234855","BaselineDefender","BT","AgentB",97,"B","win",31.860,0.000,20.000,7,6,5,13,11,14,56,12.500,10.714,8.929,23.214,19.643,25.000
"EPISODE","20260608_234855","BaselineDefender","BT","AgentB",98,"A","loss",34.998,20.000,0.000,6,8,6,12,9,13,54,11.111,14.815,11.111,22.222,16.667,24.074
"EPISODE","20260608_234855","BaselineDefender","BT","AgentB",99,"B","win",31.092,0.000,60.000,6,7,5,9,6,4,37,16.216,18.919,13.514,24.324,16.216,10.811
"EPISODE","20260608_234855","BaselineDefender","BT","AgentB",100,"A","loss",31.138,80.000,0.000,3,7,5,16,15,4,50,6.000,14.000,10.000,32.000,30.000,8.000
"SUMMARY","20260608_234855","BaselineDefender","BT","AgentB","ALL",,47,30.667,19.400,21.200,566,639,465,1057,884,639,4250,13.318,15.035,10.941,24.871,20.800,15.035
